[
{
  "model": "admin.logentry",
  "pk": 1,
  "fields": {
    "action_time": "2021-05-21T10:30:15.756Z",
    "user": 1,
    "content_type": 6,
    "object_id": "2",
    "object_repr": "admin123",
    "action_flag": 1,
    "change_message": "[{\"added\": {}}]"
  }
},
{
  "model": "admin.logentry",
  "pk": 2,
  "fields": {
    "action_time": "2021-05-21T10:30:53.471Z",
    "user": 1,
    "content_type": 6,
    "object_id": "2",
    "object_repr": "admin123",
    "action_flag": 3,
    "change_message": ""
  }
},
{
  "model": "admin.logentry",
  "pk": 3,
  "fields": {
    "action_time": "2021-05-25T11:56:00.440Z",
    "user": 1,
    "content_type": 8,
    "object_id": "1",
    "object_repr": "Авто",
    "action_flag": 1,
    "change_message": "[{\"added\": {}}, {\"added\": {\"name\": \"sub rubric\", \"object\": \"\\u0410\\u0432\\u0442\\u043e - Chevrolet\"}}, {\"added\": {\"name\": \"sub rubric\", \"object\": \"\\u0410\\u0432\\u0442\\u043e - Audi\"}}, {\"added\": {\"name\": \"sub rubric\", \"object\": \"\\u0410\\u0432\\u0442\\u043e - Toyota\"}}]"
  }
},
{
  "model": "admin.logentry",
  "pk": 4,
  "fields": {
    "action_time": "2021-05-25T12:25:00.193Z",
    "user": 1,
    "content_type": 9,
    "object_id": "3",
    "object_repr": "Авто - Audi",
    "action_flag": 2,
    "change_message": "[]"
  }
},
{
  "model": "admin.logentry",
  "pk": 5,
  "fields": {
    "action_time": "2021-05-25T12:25:32.757Z",
    "user": 1,
    "content_type": 8,
    "object_id": "5",
    "object_repr": "Техника",
    "action_flag": 1,
    "change_message": "[{\"added\": {}}, {\"added\": {\"name\": \"\\u041f\\u043e\\u0434\\u0440\\u0443\\u0431\\u0440\\u0438\\u043a\\u0430\", \"object\": \"\\u0422\\u0435\\u0445\\u043d\\u0438\\u043a\\u0430 - \\u0422\\u0435\\u043b\\u0435\\u0444\\u043e\\u043d\\u044b\"}}, {\"added\": {\"name\": \"\\u041f\\u043e\\u0434\\u0440\\u0443\\u0431\\u0440\\u0438\\u043a\\u0430\", \"object\": \"\\u0422\\u0435\\u0445\\u043d\\u0438\\u043a\\u0430 - \\u0422\\u0435\\u043b\\u0435\\u0432\\u0438\\u0437\\u043e\\u0440\\u044b\"}}, {\"added\": {\"name\": \"\\u041f\\u043e\\u0434\\u0440\\u0443\\u0431\\u0440\\u0438\\u043a\\u0430\", \"object\": \"\\u0422\\u0435\\u0445\\u043d\\u0438\\u043a\\u0430 - \\u0425\\u043e\\u043b\\u043e\\u0434\\u0438\\u043b\\u044c\\u043d\\u0438\\u043a\\u0438\"}}]"
  }
},
{
  "model": "admin.logentry",
  "pk": 6,
  "fields": {
    "action_time": "2021-05-29T13:00:15.538Z",
    "user": 1,
    "content_type": 10,
    "object_id": "1",
    "object_repr": "Bb object (1)",
    "action_flag": 1,
    "change_message": "[{\"added\": {}}, {\"added\": {\"name\": \"\\u0414\\u043e\\u043f\\u043e\\u043b\\u043d\\u0438\\u0442\\u0435\\u043b\\u044c\\u043d\\u0430\\u044f \\u0438\\u043b\\u043b\\u044e\\u0441\\u0442\\u0440\\u0430\\u0446\\u0438\\u044f\", \"object\": \"AdditionalImage object (1)\"}}, {\"added\": {\"name\": \"\\u0414\\u043e\\u043f\\u043e\\u043b\\u043d\\u0438\\u0442\\u0435\\u043b\\u044c\\u043d\\u0430\\u044f \\u0438\\u043b\\u043b\\u044e\\u0441\\u0442\\u0440\\u0430\\u0446\\u0438\\u044f\", \"object\": \"AdditionalImage object (2)\"}}]"
  }
},
{
  "model": "admin.logentry",
  "pk": 7,
  "fields": {
    "action_time": "2021-05-29T13:17:29.801Z",
    "user": 1,
    "content_type": 10,
    "object_id": "1",
    "object_repr": "Bb object (1)",
    "action_flag": 3,
    "change_message": ""
  }
},
{
  "model": "admin.logentry",
  "pk": 8,
  "fields": {
    "action_time": "2021-05-29T13:22:40.123Z",
    "user": 1,
    "content_type": 10,
    "object_id": "2",
    "object_repr": "Bb object (2)",
    "action_flag": 1,
    "change_message": "[{\"added\": {}}]"
  }
},
{
  "model": "admin.logentry",
  "pk": 9,
  "fields": {
    "action_time": "2021-05-29T13:23:18.922Z",
    "user": 1,
    "content_type": 10,
    "object_id": "2",
    "object_repr": "Bb object (2)",
    "action_flag": 2,
    "change_message": "[{\"added\": {\"name\": \"\\u0414\\u043e\\u043f\\u043e\\u043b\\u043d\\u0438\\u0442\\u0435\\u043b\\u044c\\u043d\\u0430\\u044f \\u0438\\u043b\\u043b\\u044e\\u0441\\u0442\\u0440\\u0430\\u0446\\u0438\\u044f\", \"object\": \"AdditionalImage object (3)\"}}]"
  }
},
{
  "model": "admin.logentry",
  "pk": 10,
  "fields": {
    "action_time": "2021-05-29T13:24:24.373Z",
    "user": 1,
    "content_type": 10,
    "object_id": "2",
    "object_repr": "Bb object (2)",
    "action_flag": 2,
    "change_message": "[{\"changed\": {\"name\": \"\\u0414\\u043e\\u043f\\u043e\\u043b\\u043d\\u0438\\u0442\\u0435\\u043b\\u044c\\u043d\\u0430\\u044f \\u0438\\u043b\\u043b\\u044e\\u0441\\u0442\\u0440\\u0430\\u0446\\u0438\\u044f\", \"object\": \"AdditionalImage object (3)\", \"fields\": [\"\\u0418\\u0437\\u043e\\u0431\\u0440\\u0430\\u0436\\u0435\\u043d\\u0438\\u0435\"]}}]"
  }
},
{
  "model": "admin.logentry",
  "pk": 11,
  "fields": {
    "action_time": "2021-05-29T13:25:12.007Z",
    "user": 1,
    "content_type": 10,
    "object_id": "2",
    "object_repr": "Bb object (2)",
    "action_flag": 3,
    "change_message": ""
  }
},
{
  "model": "admin.logentry",
  "pk": 12,
  "fields": {
    "action_time": "2021-05-29T13:25:45.602Z",
    "user": 1,
    "content_type": 10,
    "object_id": "3",
    "object_repr": "Bb object (3)",
    "action_flag": 1,
    "change_message": "[{\"added\": {}}]"
  }
},
{
  "model": "admin.logentry",
  "pk": 13,
  "fields": {
    "action_time": "2021-05-29T13:27:11.168Z",
    "user": 1,
    "content_type": 10,
    "object_id": "3",
    "object_repr": "Bb object (3)",
    "action_flag": 2,
    "change_message": "[{\"added\": {\"name\": \"\\u0414\\u043e\\u043f\\u043e\\u043b\\u043d\\u0438\\u0442\\u0435\\u043b\\u044c\\u043d\\u0430\\u044f \\u0438\\u043b\\u043b\\u044e\\u0441\\u0442\\u0440\\u0430\\u0446\\u0438\\u044f\", \"object\": \"AdditionalImage object (4)\"}}]"
  }
},
{
  "model": "admin.logentry",
  "pk": 14,
  "fields": {
    "action_time": "2021-05-29T13:27:52.333Z",
    "user": 1,
    "content_type": 10,
    "object_id": "3",
    "object_repr": "Bb object (3)",
    "action_flag": 2,
    "change_message": "[]"
  }
},
{
  "model": "admin.logentry",
  "pk": 15,
  "fields": {
    "action_time": "2021-05-29T13:28:02.752Z",
    "user": 1,
    "content_type": 10,
    "object_id": "3",
    "object_repr": "Bb object (3)",
    "action_flag": 3,
    "change_message": ""
  }
},
{
  "model": "admin.logentry",
  "pk": 16,
  "fields": {
    "action_time": "2021-05-29T13:28:26.726Z",
    "user": 1,
    "content_type": 10,
    "object_id": "4",
    "object_repr": "Bb object (4)",
    "action_flag": 1,
    "change_message": "[{\"added\": {}}, {\"added\": {\"name\": \"\\u0414\\u043e\\u043f\\u043e\\u043b\\u043d\\u0438\\u0442\\u0435\\u043b\\u044c\\u043d\\u0430\\u044f \\u0438\\u043b\\u043b\\u044e\\u0441\\u0442\\u0440\\u0430\\u0446\\u0438\\u044f\", \"object\": \"AdditionalImage object (5)\"}}]"
  }
},
{
  "model": "admin.logentry",
  "pk": 17,
  "fields": {
    "action_time": "2021-05-29T13:29:25.418Z",
    "user": 1,
    "content_type": 10,
    "object_id": "4",
    "object_repr": "Bb object (4)",
    "action_flag": 2,
    "change_message": "[]"
  }
},
{
  "model": "admin.logentry",
  "pk": 18,
  "fields": {
    "action_time": "2021-05-29T13:29:35.814Z",
    "user": 1,
    "content_type": 10,
    "object_id": "4",
    "object_repr": "Bb object (4)",
    "action_flag": 3,
    "change_message": ""
  }
},
{
  "model": "admin.logentry",
  "pk": 19,
  "fields": {
    "action_time": "2021-05-29T13:30:00.916Z",
    "user": 1,
    "content_type": 10,
    "object_id": "5",
    "object_repr": "Bb object (5)",
    "action_flag": 1,
    "change_message": "[{\"added\": {}}]"
  }
},
{
  "model": "admin.logentry",
  "pk": 20,
  "fields": {
    "action_time": "2021-05-29T13:31:10.888Z",
    "user": 1,
    "content_type": 10,
    "object_id": "5",
    "object_repr": "Bb object (5)",
    "action_flag": 2,
    "change_message": "[{\"changed\": {\"fields\": [\"\\u0418\\u0437\\u043e\\u0431\\u0440\\u0430\\u0436\\u0435\\u043d\\u0438\\u0435\"]}}, {\"added\": {\"name\": \"\\u0414\\u043e\\u043f\\u043e\\u043b\\u043d\\u0438\\u0442\\u0435\\u043b\\u044c\\u043d\\u0430\\u044f \\u0438\\u043b\\u043b\\u044e\\u0441\\u0442\\u0440\\u0430\\u0446\\u0438\\u044f\", \"object\": \"AdditionalImage object (6)\"}}]"
  }
},
{
  "model": "admin.logentry",
  "pk": 21,
  "fields": {
    "action_time": "2021-05-29T13:31:56.632Z",
    "user": 1,
    "content_type": 10,
    "object_id": "5",
    "object_repr": "Bb object (5)",
    "action_flag": 3,
    "change_message": ""
  }
},
{
  "model": "admin.logentry",
  "pk": 22,
  "fields": {
    "action_time": "2021-05-29T13:32:18.314Z",
    "user": 1,
    "content_type": 10,
    "object_id": "6",
    "object_repr": "Bb object (6)",
    "action_flag": 1,
    "change_message": "[{\"added\": {}}, {\"added\": {\"name\": \"\\u0414\\u043e\\u043f\\u043e\\u043b\\u043d\\u0438\\u0442\\u0435\\u043b\\u044c\\u043d\\u0430\\u044f \\u0438\\u043b\\u043b\\u044e\\u0441\\u0442\\u0440\\u0430\\u0446\\u0438\\u044f\", \"object\": \"AdditionalImage object (7)\"}}]"
  }
},
{
  "model": "admin.logentry",
  "pk": 23,
  "fields": {
    "action_time": "2021-05-29T13:41:23.147Z",
    "user": 1,
    "content_type": 10,
    "object_id": "6",
    "object_repr": "Bb object (6)",
    "action_flag": 3,
    "change_message": ""
  }
},
{
  "model": "admin.logentry",
  "pk": 24,
  "fields": {
    "action_time": "2021-05-29T13:41:41.420Z",
    "user": 1,
    "content_type": 10,
    "object_id": "7",
    "object_repr": "Bb object (7)",
    "action_flag": 1,
    "change_message": "[{\"added\": {}}, {\"added\": {\"name\": \"\\u0414\\u043e\\u043f\\u043e\\u043b\\u043d\\u0438\\u0442\\u0435\\u043b\\u044c\\u043d\\u0430\\u044f \\u0438\\u043b\\u043b\\u044e\\u0441\\u0442\\u0440\\u0430\\u0446\\u0438\\u044f\", \"object\": \"AdditionalImage object (8)\"}}]"
  }
},
{
  "model": "admin.logentry",
  "pk": 25,
  "fields": {
    "action_time": "2021-05-29T14:20:00.158Z",
    "user": 1,
    "content_type": 10,
    "object_id": "7",
    "object_repr": "Bb object (7)",
    "action_flag": 3,
    "change_message": ""
  }
},
{
  "model": "admin.logentry",
  "pk": 26,
  "fields": {
    "action_time": "2021-05-29T14:20:17.582Z",
    "user": 1,
    "content_type": 10,
    "object_id": "8",
    "object_repr": "Bb object (8)",
    "action_flag": 1,
    "change_message": "[{\"added\": {}}]"
  }
},
{
  "model": "admin.logentry",
  "pk": 27,
  "fields": {
    "action_time": "2021-05-29T14:39:19.844Z",
    "user": 1,
    "content_type": 10,
    "object_id": "8",
    "object_repr": "Bb object (8)",
    "action_flag": 2,
    "change_message": "[{\"changed\": {\"fields\": [\"\\u0422\\u043e\\u0432\\u0430\\u0440\", \"\\u041e\\u043f\\u0438\\u0441\\u0430\\u043d\\u0438\\u0435\", \"\\u0426\\u0435\\u043d\\u0430\", \"\\u041a\\u043e\\u043d\\u0442\\u0430\\u043a\\u0442\\u044b\", \"\\u0418\\u0437\\u043e\\u0431\\u0440\\u0430\\u0436\\u0435\\u043d\\u0438\\u0435\"]}}, {\"added\": {\"name\": \"\\u0414\\u043e\\u043f\\u043e\\u043b\\u043d\\u0438\\u0442\\u0435\\u043b\\u044c\\u043d\\u0430\\u044f \\u0438\\u043b\\u043b\\u044e\\u0441\\u0442\\u0440\\u0430\\u0446\\u0438\\u044f\", \"object\": \"AdditionalImage object (9)\"}}]"
  }
},
{
  "model": "admin.logentry",
  "pk": 28,
  "fields": {
    "action_time": "2021-05-29T14:41:35.028Z",
    "user": 1,
    "content_type": 10,
    "object_id": "9",
    "object_repr": "Bb object (9)",
    "action_flag": 1,
    "change_message": "[{\"added\": {}}]"
  }
},
{
  "model": "admin.logentry",
  "pk": 29,
  "fields": {
    "action_time": "2021-05-29T14:43:54.072Z",
    "user": 1,
    "content_type": 10,
    "object_id": "10",
    "object_repr": "Bb object (10)",
    "action_flag": 1,
    "change_message": "[{\"added\": {}}]"
  }
},
{
  "model": "admin.logentry",
  "pk": 30,
  "fields": {
    "action_time": "2021-06-01T15:11:42.777Z",
    "user": 1,
    "content_type": 10,
    "object_id": "9",
    "object_repr": "Bb object (9)",
    "action_flag": 2,
    "change_message": "[{\"changed\": {\"fields\": [\"\\u0418\\u0437\\u043e\\u0431\\u0440\\u0430\\u0436\\u0435\\u043d\\u0438\\u0435\"]}}]"
  }
},
{
  "model": "admin.logentry",
  "pk": 31,
  "fields": {
    "action_time": "2021-06-02T10:27:15.309Z",
    "user": 1,
    "content_type": 10,
    "object_id": "9",
    "object_repr": "Bb object (9)",
    "action_flag": 2,
    "change_message": "[{\"changed\": {\"fields\": [\"\\u0418\\u0437\\u043e\\u0431\\u0440\\u0430\\u0436\\u0435\\u043d\\u0438\\u0435\"]}}]"
  }
},
{
  "model": "admin.logentry",
  "pk": 32,
  "fields": {
    "action_time": "2021-06-02T10:48:29.494Z",
    "user": 1,
    "content_type": 10,
    "object_id": "9",
    "object_repr": "Bb object (9)",
    "action_flag": 2,
    "change_message": "[{\"changed\": {\"fields\": [\"\\u0418\\u0437\\u043e\\u0431\\u0440\\u0430\\u0436\\u0435\\u043d\\u0438\\u0435\"]}}, {\"added\": {\"name\": \"\\u0414\\u043e\\u043f\\u043e\\u043b\\u043d\\u0438\\u0442\\u0435\\u043b\\u044c\\u043d\\u0430\\u044f \\u0438\\u043b\\u043b\\u044e\\u0441\\u0442\\u0440\\u0430\\u0446\\u0438\\u044f\", \"object\": \"AdditionalImage object (10)\"}}]"
  }
},
{
  "model": "admin.logentry",
  "pk": 33,
  "fields": {
    "action_time": "2021-06-06T07:39:56.377Z",
    "user": 1,
    "content_type": 10,
    "object_id": "10",
    "object_repr": "Bb object (10)",
    "action_flag": 2,
    "change_message": "[{\"changed\": {\"fields\": [\"\\u0418\\u0437\\u043e\\u0431\\u0440\\u0430\\u0436\\u0435\\u043d\\u0438\\u0435\"]}}]"
  }
},
{
  "model": "admin.logentry",
  "pk": 34,
  "fields": {
    "action_time": "2021-06-06T08:12:47.203Z",
    "user": 1,
    "content_type": 10,
    "object_id": "10",
    "object_repr": "Bb object (10)",
    "action_flag": 2,
    "change_message": "[{\"changed\": {\"fields\": [\"\\u0418\\u0437\\u043e\\u0431\\u0440\\u0430\\u0436\\u0435\\u043d\\u0438\\u0435\"]}}]"
  }
},
{
  "model": "admin.logentry",
  "pk": 35,
  "fields": {
    "action_time": "2021-06-06T08:18:51.032Z",
    "user": 1,
    "content_type": 10,
    "object_id": "10",
    "object_repr": "Bb object (10)",
    "action_flag": 2,
    "change_message": "[{\"changed\": {\"fields\": [\"\\u0418\\u0437\\u043e\\u0431\\u0440\\u0430\\u0436\\u0435\\u043d\\u0438\\u0435\"]}}]"
  }
},
{
  "model": "admin.logentry",
  "pk": 36,
  "fields": {
    "action_time": "2021-06-06T08:20:20.436Z",
    "user": 1,
    "content_type": 10,
    "object_id": "10",
    "object_repr": "Bb object (10)",
    "action_flag": 2,
    "change_message": "[{\"changed\": {\"fields\": [\"\\u0418\\u0437\\u043e\\u0431\\u0440\\u0430\\u0436\\u0435\\u043d\\u0438\\u0435\"]}}]"
  }
},
{
  "model": "admin.logentry",
  "pk": 37,
  "fields": {
    "action_time": "2021-06-06T08:20:52.945Z",
    "user": 1,
    "content_type": 10,
    "object_id": "10",
    "object_repr": "Bb object (10)",
    "action_flag": 2,
    "change_message": "[{\"changed\": {\"fields\": [\"\\u0418\\u0437\\u043e\\u0431\\u0440\\u0430\\u0436\\u0435\\u043d\\u0438\\u0435\"]}}]"
  }
},
{
  "model": "admin.logentry",
  "pk": 38,
  "fields": {
    "action_time": "2021-06-06T08:21:39.102Z",
    "user": 1,
    "content_type": 10,
    "object_id": "10",
    "object_repr": "Bb object (10)",
    "action_flag": 2,
    "change_message": "[{\"changed\": {\"fields\": [\"\\u0418\\u0437\\u043e\\u0431\\u0440\\u0430\\u0436\\u0435\\u043d\\u0438\\u0435\"]}}]"
  }
},
{
  "model": "admin.logentry",
  "pk": 39,
  "fields": {
    "action_time": "2021-06-06T08:21:45.741Z",
    "user": 1,
    "content_type": 10,
    "object_id": "9",
    "object_repr": "Bb object (9)",
    "action_flag": 2,
    "change_message": "[{\"changed\": {\"fields\": [\"\\u0418\\u0437\\u043e\\u0431\\u0440\\u0430\\u0436\\u0435\\u043d\\u0438\\u0435\"]}}, {\"deleted\": {\"name\": \"\\u0414\\u043e\\u043f\\u043e\\u043b\\u043d\\u0438\\u0442\\u0435\\u043b\\u044c\\u043d\\u0430\\u044f \\u0438\\u043b\\u043b\\u044e\\u0441\\u0442\\u0440\\u0430\\u0446\\u0438\\u044f\", \"object\": \"AdditionalImage object (None)\"}}]"
  }
},
{
  "model": "admin.logentry",
  "pk": 40,
  "fields": {
    "action_time": "2021-06-06T08:21:50.975Z",
    "user": 1,
    "content_type": 10,
    "object_id": "8",
    "object_repr": "Bb object (8)",
    "action_flag": 2,
    "change_message": "[{\"changed\": {\"fields\": [\"\\u0418\\u0437\\u043e\\u0431\\u0440\\u0430\\u0436\\u0435\\u043d\\u0438\\u0435\"]}}, {\"deleted\": {\"name\": \"\\u0414\\u043e\\u043f\\u043e\\u043b\\u043d\\u0438\\u0442\\u0435\\u043b\\u044c\\u043d\\u0430\\u044f \\u0438\\u043b\\u043b\\u044e\\u0441\\u0442\\u0440\\u0430\\u0446\\u0438\\u044f\", \"object\": \"AdditionalImage object (None)\"}}]"
  }
},
{
  "model": "admin.logentry",
  "pk": 41,
  "fields": {
    "action_time": "2021-06-06T08:23:42.659Z",
    "user": 1,
    "content_type": 10,
    "object_id": "8",
    "object_repr": "Bb object (8)",
    "action_flag": 2,
    "change_message": "[{\"changed\": {\"fields\": [\"\\u0418\\u0437\\u043e\\u0431\\u0440\\u0430\\u0436\\u0435\\u043d\\u0438\\u0435\"]}}]"
  }
},
{
  "model": "admin.logentry",
  "pk": 42,
  "fields": {
    "action_time": "2021-06-09T08:35:47.012Z",
    "user": 1,
    "content_type": 10,
    "object_id": "9",
    "object_repr": "Bb object (9)",
    "action_flag": 2,
    "change_message": "[{\"changed\": {\"fields\": [\"\\u0418\\u0437\\u043e\\u0431\\u0440\\u0430\\u0436\\u0435\\u043d\\u0438\\u0435\"]}}]"
  }
},
{
  "model": "admin.logentry",
  "pk": 43,
  "fields": {
    "action_time": "2021-06-09T08:50:27.961Z",
    "user": 1,
    "content_type": 10,
    "object_id": "8",
    "object_repr": "Bb object (8)",
    "action_flag": 2,
    "change_message": "[{\"added\": {\"name\": \"\\u0414\\u043e\\u043f\\u043e\\u043b\\u043d\\u0438\\u0442\\u0435\\u043b\\u044c\\u043d\\u0430\\u044f \\u0438\\u043b\\u043b\\u044e\\u0441\\u0442\\u0440\\u0430\\u0446\\u0438\\u044f\", \"object\": \"AdditionalImage object (11)\"}}, {\"added\": {\"name\": \"\\u0414\\u043e\\u043f\\u043e\\u043b\\u043d\\u0438\\u0442\\u0435\\u043b\\u044c\\u043d\\u0430\\u044f \\u0438\\u043b\\u043b\\u044e\\u0441\\u0442\\u0440\\u0430\\u0446\\u0438\\u044f\", \"object\": \"AdditionalImage object (12)\"}}]"
  }
},
{
  "model": "admin.logentry",
  "pk": 44,
  "fields": {
    "action_time": "2021-06-09T08:57:00.572Z",
    "user": 1,
    "content_type": 10,
    "object_id": "11",
    "object_repr": "Bb object (11)",
    "action_flag": 1,
    "change_message": "[{\"added\": {}}]"
  }
},
{
  "model": "admin.logentry",
  "pk": 45,
  "fields": {
    "action_time": "2021-06-09T08:57:32.033Z",
    "user": 1,
    "content_type": 10,
    "object_id": "12",
    "object_repr": "Bb object (12)",
    "action_flag": 1,
    "change_message": "[{\"added\": {}}]"
  }
},
{
  "model": "admin.logentry",
  "pk": 46,
  "fields": {
    "action_time": "2021-06-09T08:58:20.952Z",
    "user": 1,
    "content_type": 10,
    "object_id": "12",
    "object_repr": "Bb object (12)",
    "action_flag": 2,
    "change_message": "[{\"changed\": {\"fields\": [\"\\u041e\\u043f\\u0438\\u0441\\u0430\\u043d\\u0438\\u0435\"]}}]"
  }
},
{
  "model": "admin.logentry",
  "pk": 47,
  "fields": {
    "action_time": "2021-06-09T08:58:26.870Z",
    "user": 1,
    "content_type": 10,
    "object_id": "11",
    "object_repr": "Bb object (11)",
    "action_flag": 2,
    "change_message": "[{\"changed\": {\"fields\": [\"\\u041e\\u043f\\u0438\\u0441\\u0430\\u043d\\u0438\\u0435\"]}}]"
  }
},
{
  "model": "admin.logentry",
  "pk": 48,
  "fields": {
    "action_time": "2021-06-14T13:54:14.792Z",
    "user": 1,
    "content_type": 10,
    "object_id": "10",
    "object_repr": "Bb object (10)",
    "action_flag": 2,
    "change_message": "[{\"changed\": {\"fields\": [\"\\u0418\\u0437\\u043e\\u0431\\u0440\\u0430\\u0436\\u0435\\u043d\\u0438\\u0435\"]}}]"
  }
},
{
  "model": "admin.logentry",
  "pk": 49,
  "fields": {
    "action_time": "2021-06-14T13:54:38.722Z",
    "user": 1,
    "content_type": 10,
    "object_id": "10",
    "object_repr": "Bb object (10)",
    "action_flag": 2,
    "change_message": "[{\"changed\": {\"fields\": [\"\\u0418\\u0437\\u043e\\u0431\\u0440\\u0430\\u0436\\u0435\\u043d\\u0438\\u0435\"]}}]"
  }
},
{
  "model": "admin.logentry",
  "pk": 50,
  "fields": {
    "action_time": "2021-06-14T13:57:43.563Z",
    "user": 1,
    "content_type": 10,
    "object_id": "10",
    "object_repr": "Bb object (10)",
    "action_flag": 2,
    "change_message": "[{\"changed\": {\"fields\": [\"\\u0418\\u0437\\u043e\\u0431\\u0440\\u0430\\u0436\\u0435\\u043d\\u0438\\u0435\"]}}]"
  }
},
{
  "model": "admin.logentry",
  "pk": 51,
  "fields": {
    "action_time": "2021-06-19T13:12:02.060Z",
    "user": 1,
    "content_type": 15,
    "object_id": "1",
    "object_repr": "Comment object (1)",
    "action_flag": 1,
    "change_message": "[{\"added\": {}}]"
  }
},
{
  "model": "auth.permission",
  "pk": 1,
  "fields": {
    "name": "Can add log entry",
    "content_type": 1,
    "codename": "add_logentry"
  }
},
{
  "model": "auth.permission",
  "pk": 2,
  "fields": {
    "name": "Can change log entry",
    "content_type": 1,
    "codename": "change_logentry"
  }
},
{
  "model": "auth.permission",
  "pk": 3,
  "fields": {
    "name": "Can delete log entry",
    "content_type": 1,
    "codename": "delete_logentry"
  }
},
{
  "model": "auth.permission",
  "pk": 4,
  "fields": {
    "name": "Can view log entry",
    "content_type": 1,
    "codename": "view_logentry"
  }
},
{
  "model": "auth.permission",
  "pk": 5,
  "fields": {
    "name": "Can add permission",
    "content_type": 2,
    "codename": "add_permission"
  }
},
{
  "model": "auth.permission",
  "pk": 6,
  "fields": {
    "name": "Can change permission",
    "content_type": 2,
    "codename": "change_permission"
  }
},
{
  "model": "auth.permission",
  "pk": 7,
  "fields": {
    "name": "Can delete permission",
    "content_type": 2,
    "codename": "delete_permission"
  }
},
{
  "model": "auth.permission",
  "pk": 8,
  "fields": {
    "name": "Can view permission",
    "content_type": 2,
    "codename": "view_permission"
  }
},
{
  "model": "auth.permission",
  "pk": 9,
  "fields": {
    "name": "Can add group",
    "content_type": 3,
    "codename": "add_group"
  }
},
{
  "model": "auth.permission",
  "pk": 10,
  "fields": {
    "name": "Can change group",
    "content_type": 3,
    "codename": "change_group"
  }
},
{
  "model": "auth.permission",
  "pk": 11,
  "fields": {
    "name": "Can delete group",
    "content_type": 3,
    "codename": "delete_group"
  }
},
{
  "model": "auth.permission",
  "pk": 12,
  "fields": {
    "name": "Can view group",
    "content_type": 3,
    "codename": "view_group"
  }
},
{
  "model": "auth.permission",
  "pk": 13,
  "fields": {
    "name": "Can add content type",
    "content_type": 4,
    "codename": "add_contenttype"
  }
},
{
  "model": "auth.permission",
  "pk": 14,
  "fields": {
    "name": "Can change content type",
    "content_type": 4,
    "codename": "change_contenttype"
  }
},
{
  "model": "auth.permission",
  "pk": 15,
  "fields": {
    "name": "Can delete content type",
    "content_type": 4,
    "codename": "delete_contenttype"
  }
},
{
  "model": "auth.permission",
  "pk": 16,
  "fields": {
    "name": "Can view content type",
    "content_type": 4,
    "codename": "view_contenttype"
  }
},
{
  "model": "auth.permission",
  "pk": 17,
  "fields": {
    "name": "Can add session",
    "content_type": 5,
    "codename": "add_session"
  }
},
{
  "model": "auth.permission",
  "pk": 18,
  "fields": {
    "name": "Can change session",
    "content_type": 5,
    "codename": "change_session"
  }
},
{
  "model": "auth.permission",
  "pk": 19,
  "fields": {
    "name": "Can delete session",
    "content_type": 5,
    "codename": "delete_session"
  }
},
{
  "model": "auth.permission",
  "pk": 20,
  "fields": {
    "name": "Can view session",
    "content_type": 5,
    "codename": "view_session"
  }
},
{
  "model": "auth.permission",
  "pk": 21,
  "fields": {
    "name": "Can add user",
    "content_type": 6,
    "codename": "add_advuser"
  }
},
{
  "model": "auth.permission",
  "pk": 22,
  "fields": {
    "name": "Can change user",
    "content_type": 6,
    "codename": "change_advuser"
  }
},
{
  "model": "auth.permission",
  "pk": 23,
  "fields": {
    "name": "Can delete user",
    "content_type": 6,
    "codename": "delete_advuser"
  }
},
{
  "model": "auth.permission",
  "pk": 24,
  "fields": {
    "name": "Can view user",
    "content_type": 6,
    "codename": "view_advuser"
  }
},
{
  "model": "auth.permission",
  "pk": 25,
  "fields": {
    "name": "Can add rubric",
    "content_type": 7,
    "codename": "add_rubric"
  }
},
{
  "model": "auth.permission",
  "pk": 26,
  "fields": {
    "name": "Can change rubric",
    "content_type": 7,
    "codename": "change_rubric"
  }
},
{
  "model": "auth.permission",
  "pk": 27,
  "fields": {
    "name": "Can delete rubric",
    "content_type": 7,
    "codename": "delete_rubric"
  }
},
{
  "model": "auth.permission",
  "pk": 28,
  "fields": {
    "name": "Can view rubric",
    "content_type": 7,
    "codename": "view_rubric"
  }
},
{
  "model": "auth.permission",
  "pk": 29,
  "fields": {
    "name": "Can add Надрубрика",
    "content_type": 8,
    "codename": "add_superrubric"
  }
},
{
  "model": "auth.permission",
  "pk": 30,
  "fields": {
    "name": "Can change Надрубрика",
    "content_type": 8,
    "codename": "change_superrubric"
  }
},
{
  "model": "auth.permission",
  "pk": 31,
  "fields": {
    "name": "Can delete Надрубрика",
    "content_type": 8,
    "codename": "delete_superrubric"
  }
},
{
  "model": "auth.permission",
  "pk": 32,
  "fields": {
    "name": "Can view Надрубрика",
    "content_type": 8,
    "codename": "view_superrubric"
  }
},
{
  "model": "auth.permission",
  "pk": 33,
  "fields": {
    "name": "Can add sub rubric",
    "content_type": 9,
    "codename": "add_subrubric"
  }
},
{
  "model": "auth.permission",
  "pk": 34,
  "fields": {
    "name": "Can change sub rubric",
    "content_type": 9,
    "codename": "change_subrubric"
  }
},
{
  "model": "auth.permission",
  "pk": 35,
  "fields": {
    "name": "Can delete sub rubric",
    "content_type": 9,
    "codename": "delete_subrubric"
  }
},
{
  "model": "auth.permission",
  "pk": 36,
  "fields": {
    "name": "Can view sub rubric",
    "content_type": 9,
    "codename": "view_subrubric"
  }
},
{
  "model": "auth.permission",
  "pk": 37,
  "fields": {
    "name": "Can add Объявление",
    "content_type": 10,
    "codename": "add_bb"
  }
},
{
  "model": "auth.permission",
  "pk": 38,
  "fields": {
    "name": "Can change Объявление",
    "content_type": 10,
    "codename": "change_bb"
  }
},
{
  "model": "auth.permission",
  "pk": 39,
  "fields": {
    "name": "Can delete Объявление",
    "content_type": 10,
    "codename": "delete_bb"
  }
},
{
  "model": "auth.permission",
  "pk": 40,
  "fields": {
    "name": "Can view Объявление",
    "content_type": 10,
    "codename": "view_bb"
  }
},
{
  "model": "auth.permission",
  "pk": 41,
  "fields": {
    "name": "Can add Дополнительная иллюстрация",
    "content_type": 11,
    "codename": "add_additionalimage"
  }
},
{
  "model": "auth.permission",
  "pk": 42,
  "fields": {
    "name": "Can change Дополнительная иллюстрация",
    "content_type": 11,
    "codename": "change_additionalimage"
  }
},
{
  "model": "auth.permission",
  "pk": 43,
  "fields": {
    "name": "Can delete Дополнительная иллюстрация",
    "content_type": 11,
    "codename": "delete_additionalimage"
  }
},
{
  "model": "auth.permission",
  "pk": 44,
  "fields": {
    "name": "Can view Дополнительная иллюстрация",
    "content_type": 11,
    "codename": "view_additionalimage"
  }
},
{
  "model": "auth.permission",
  "pk": 45,
  "fields": {
    "name": "Can add source",
    "content_type": 12,
    "codename": "add_source"
  }
},
{
  "model": "auth.permission",
  "pk": 46,
  "fields": {
    "name": "Can change source",
    "content_type": 12,
    "codename": "change_source"
  }
},
{
  "model": "auth.permission",
  "pk": 47,
  "fields": {
    "name": "Can delete source",
    "content_type": 12,
    "codename": "delete_source"
  }
},
{
  "model": "auth.permission",
  "pk": 48,
  "fields": {
    "name": "Can view source",
    "content_type": 12,
    "codename": "view_source"
  }
},
{
  "model": "auth.permission",
  "pk": 49,
  "fields": {
    "name": "Can add thumbnail",
    "content_type": 13,
    "codename": "add_thumbnail"
  }
},
{
  "model": "auth.permission",
  "pk": 50,
  "fields": {
    "name": "Can change thumbnail",
    "content_type": 13,
    "codename": "change_thumbnail"
  }
},
{
  "model": "auth.permission",
  "pk": 51,
  "fields": {
    "name": "Can delete thumbnail",
    "content_type": 13,
    "codename": "delete_thumbnail"
  }
},
{
  "model": "auth.permission",
  "pk": 52,
  "fields": {
    "name": "Can view thumbnail",
    "content_type": 13,
    "codename": "view_thumbnail"
  }
},
{
  "model": "auth.permission",
  "pk": 53,
  "fields": {
    "name": "Can add thumbnail dimensions",
    "content_type": 14,
    "codename": "add_thumbnaildimensions"
  }
},
{
  "model": "auth.permission",
  "pk": 54,
  "fields": {
    "name": "Can change thumbnail dimensions",
    "content_type": 14,
    "codename": "change_thumbnaildimensions"
  }
},
{
  "model": "auth.permission",
  "pk": 55,
  "fields": {
    "name": "Can delete thumbnail dimensions",
    "content_type": 14,
    "codename": "delete_thumbnaildimensions"
  }
},
{
  "model": "auth.permission",
  "pk": 56,
  "fields": {
    "name": "Can view thumbnail dimensions",
    "content_type": 14,
    "codename": "view_thumbnaildimensions"
  }
},
{
  "model": "auth.permission",
  "pk": 57,
  "fields": {
    "name": "Can add Комментарии",
    "content_type": 15,
    "codename": "add_comment"
  }
},
{
  "model": "auth.permission",
  "pk": 58,
  "fields": {
    "name": "Can change Комментарии",
    "content_type": 15,
    "codename": "change_comment"
  }
},
{
  "model": "auth.permission",
  "pk": 59,
  "fields": {
    "name": "Can delete Комментарии",
    "content_type": 15,
    "codename": "delete_comment"
  }
},
{
  "model": "auth.permission",
  "pk": 60,
  "fields": {
    "name": "Can view Комментарии",
    "content_type": 15,
    "codename": "view_comment"
  }
},
{
  "model": "auth.permission",
  "pk": 61,
  "fields": {
    "name": "Can add captcha store",
    "content_type": 16,
    "codename": "add_captchastore"
  }
},
{
  "model": "auth.permission",
  "pk": 62,
  "fields": {
    "name": "Can change captcha store",
    "content_type": 16,
    "codename": "change_captchastore"
  }
},
{
  "model": "auth.permission",
  "pk": 63,
  "fields": {
    "name": "Can delete captcha store",
    "content_type": 16,
    "codename": "delete_captchastore"
  }
},
{
  "model": "auth.permission",
  "pk": 64,
  "fields": {
    "name": "Can view captcha store",
    "content_type": 16,
    "codename": "view_captchastore"
  }
},
{
  "model": "contenttypes.contenttype",
  "pk": 1,
  "fields": {
    "app_label": "admin",
    "model": "logentry"
  }
},
{
  "model": "contenttypes.contenttype",
  "pk": 2,
  "fields": {
    "app_label": "auth",
    "model": "permission"
  }
},
{
  "model": "contenttypes.contenttype",
  "pk": 3,
  "fields": {
    "app_label": "auth",
    "model": "group"
  }
},
{
  "model": "contenttypes.contenttype",
  "pk": 4,
  "fields": {
    "app_label": "contenttypes",
    "model": "contenttype"
  }
},
{
  "model": "contenttypes.contenttype",
  "pk": 5,
  "fields": {
    "app_label": "sessions",
    "model": "session"
  }
},
{
  "model": "contenttypes.contenttype",
  "pk": 6,
  "fields": {
    "app_label": "main",
    "model": "advuser"
  }
},
{
  "model": "contenttypes.contenttype",
  "pk": 7,
  "fields": {
    "app_label": "main",
    "model": "rubric"
  }
},
{
  "model": "contenttypes.contenttype",
  "pk": 8,
  "fields": {
    "app_label": "main",
    "model": "superrubric"
  }
},
{
  "model": "contenttypes.contenttype",
  "pk": 9,
  "fields": {
    "app_label": "main",
    "model": "subrubric"
  }
},
{
  "model": "contenttypes.contenttype",
  "pk": 10,
  "fields": {
    "app_label": "main",
    "model": "bb"
  }
},
{
  "model": "contenttypes.contenttype",
  "pk": 11,
  "fields": {
    "app_label": "main",
    "model": "additionalimage"
  }
},
{
  "model": "contenttypes.contenttype",
  "pk": 12,
  "fields": {
    "app_label": "easy_thumbnails",
    "model": "source"
  }
},
{
  "model": "contenttypes.contenttype",
  "pk": 13,
  "fields": {
    "app_label": "easy_thumbnails",
    "model": "thumbnail"
  }
},
{
  "model": "contenttypes.contenttype",
  "pk": 14,
  "fields": {
    "app_label": "easy_thumbnails",
    "model": "thumbnaildimensions"
  }
},
{
  "model": "contenttypes.contenttype",
  "pk": 15,
  "fields": {
    "app_label": "main",
    "model": "comment"
  }
},
{
  "model": "contenttypes.contenttype",
  "pk": 16,
  "fields": {
    "app_label": "captcha",
    "model": "captchastore"
  }
},
{
  "model": "sessions.session",
  "pk": "2s9ih722zi02hh8yuqpm88d3ekqfvn33",
  "fields": {
    "session_data": ".eJxVjMsOwiAQRf-FtSE8Og64dN9vIEMHpGogKe3K-O_apAvd3nPOfYlA21rC1tMSZhYXocXpd4s0PVLdAd-p3pqcWl2XOcpdkQftcmycntfD_Tso1Mu3Ru-sH1C5mDGBZ4XgFJFzDKCstmf0qKOygD6jMewA4pAgD2y8AWvF-wOlFDYa:1lppvh:c926Z39aFTGZ68np5BSjHCW95_kDiEJ5Is3bpSD0qlk",
    "expire_date": "2021-06-20T10:22:53.868Z"
  }
},
{
  "model": "sessions.session",
  "pk": "ioiinij3ru0y9sq816cimzmrfocejgje",
  "fields": {
    "session_data": ".eJxVjEEOwiAURO_C2hAofAou3fcMBPhfqRpISrsy3l1qutDdZN6beTEftjX7rdHiZ2RnJtnpt4shPajsAO-h3CpPtazLHPmu8IM2PlWk5-Vw_w5yaLmvwdFgxChHq9xgNYE2QX0LEhZF0hEABPTsEhIBWCXN1QnbCaYI7P0BoCQ2xA:1lxlfz:rAXR1StVln6-91rkeEZ91l8YpFQtOwGMvasztCwQsEw",
    "expire_date": "2021-07-12T07:27:27.599Z"
  }
},
{
  "model": "sessions.session",
  "pk": "vjy4dl5usy80rdmjluhklql401qa3hxh",
  "fields": {
    "session_data": ".eJxVjMsOwiAQRf-FtSE8Og64dN9vIEMHpGogKe3K-O_apAvd3nPOfYlA21rC1tMSZhYXocXpd4s0PVLdAd-p3pqcWl2XOcpdkQftcmycntfD_Tso1Mu3Ru-sH1C5mDGBZ4XgFJFzDKCstmf0qKOygD6jMewA4pAgD2y8AWvF-wOlFDYa:1llUj7:DtdNGpHW5lWeEImtnBFHqokeWYUuAnQOwY_XkRywkCc",
    "expire_date": "2021-06-08T10:55:57.461Z"
  }
},
{
  "model": "main.advuser",
  "pk": 1,
  "fields": {
    "password": "pbkdf2_sha256$260000$DIKGN5kJmQYsKHOp90aCTL$RiTnf0/jcoTaWUNQQ4SYNCcJ/zjOG+IG/dftaHo2jr4=",
    "last_login": "2021-06-28T07:27:27.436Z",
    "is_superuser": true,
    "username": "admin",
    "first_name": "",
    "last_name": "",
    "email": "admin@inbox.ru",
    "is_staff": true,
    "is_active": true,
    "date_joined": "2021-05-21T09:18:48.381Z",
    "is_activated": true,
    "send_messages": true,
    "groups": [],
    "user_permissions": []
  }
},
{
  "model": "main.advuser",
  "pk": 7,
  "fields": {
    "password": "pbkdf2_sha256$260000$9UMPRH9pA7OobO1ZFp2maV$AKLiXN68MAjDS7vHE+aVyCN9QDEJ54/oBtcMf+F/q5Y=",
    "last_login": "2021-06-27T20:24:54.668Z",
    "is_superuser": false,
    "username": "admin123",
    "first_name": "",
    "last_name": "",
    "email": "ganiev2000d@inbox.ru",
    "is_staff": false,
    "is_active": true,
    "date_joined": "2021-05-23T14:07:09.154Z",
    "is_activated": true,
    "send_messages": true,
    "groups": [],
    "user_permissions": []
  }
},
{
  "model": "main.rubric",
  "pk": 1,
  "fields": {
    "name": "Авто",
    "order": 0,
    "super_rubric": null
  }
},
{
  "model": "main.rubric",
  "pk": 2,
  "fields": {
    "name": "Chevrolet",
    "order": 0,
    "super_rubric": 1
  }
},
{
  "model": "main.rubric",
  "pk": 3,
  "fields": {
    "name": "Audi",
    "order": 0,
    "super_rubric": 1
  }
},
{
  "model": "main.rubric",
  "pk": 4,
  "fields": {
    "name": "Toyota",
    "order": 0,
    "super_rubric": 1
  }
},
{
  "model": "main.rubric",
  "pk": 5,
  "fields": {
    "name": "Техника",
    "order": 0,
    "super_rubric": null
  }
},
{
  "model": "main.rubric",
  "pk": 6,
  "fields": {
    "name": "Телефоны",
    "order": 0,
    "super_rubric": 5
  }
},
{
  "model": "main.rubric",
  "pk": 7,
  "fields": {
    "name": "Телевизоры",
    "order": 0,
    "super_rubric": 5
  }
},
{
  "model": "main.rubric",
  "pk": 8,
  "fields": {
    "name": "Холодильники",
    "order": 0,
    "super_rubric": 5
  }
},
{
  "model": "main.bb",
  "pk": 8,
  "fields": {
    "rubric": 3,
    "title": "Audi RX-8",
    "content": "Новый автомобиль с завода, качество салона - кожа. Без пробега.",
    "price": 50000.0,
    "contacts": "Дониёр +998 90 931 62 57",
    "image": "1622967822.651725.jpg",
    "author": 1,
    "is_active": true,
    "created_at": "2021-05-29T14:20:17.580Z"
  }
},
{
  "model": "main.bb",
  "pk": 9,
  "fields": {
    "rubric": 2,
    "title": "Spark 3 поз.",
    "content": "Машине 2 года, практически не ездили, в идеальном состоянии!",
    "price": 7000.0,
    "contacts": "Иван - 123-45-67",
    "image": "1623227747.000448.jpg",
    "author": 7,
    "is_active": true,
    "created_at": "2021-05-29T14:41:35.024Z"
  }
},
{
  "model": "main.bb",
  "pk": 10,
  "fields": {
    "rubric": 7,
    "title": "LG телевизор",
    "content": "Новая модель, ультра тонкий, водостойкий.",
    "price": 1500.0,
    "contacts": "+987654321",
    "image": "",
    "author": 1,
    "is_active": true,
    "created_at": "2021-05-29T14:43:54.070Z"
  }
},
{
  "model": "main.bb",
  "pk": 13,
  "fields": {
    "rubric": 6,
    "title": "Iphone 12 Pro Max",
    "content": "йцусйцуйцу йрцщуйцушщ йршарл виаидукр!!!",
    "price": 1000.0,
    "contacts": "+123456789",
    "image": "1623922093.76667.jpg",
    "author": 1,
    "is_active": true,
    "created_at": "2021-06-17T09:28:13.769Z"
  }
},
{
  "model": "main.bb",
  "pk": 14,
  "fields": {
    "rubric": 3,
    "title": "Мотоцикл",
    "content": "йцу",
    "price": 1000.0,
    "contacts": "",
    "image": "",
    "author": 1,
    "is_active": true,
    "created_at": "2021-06-27T17:18:39.335Z"
  }
},
{
  "model": "main.additionalimage",
  "pk": 11,
  "fields": {
    "bb": 8,
    "image": "1623228627.950814.jpg"
  }
},
{
  "model": "main.additionalimage",
  "pk": 12,
  "fields": {
    "bb": 8,
    "image": "1623228627.958315.png"
  }
},
{
  "model": "main.comment",
  "pk": 1,
  "fields": {
    "bb": 13,
    "author": "admin",
    "content": "Крутой аппарат!",
    "is_active": true,
    "created_at": "2021-06-19T13:12:02.057Z"
  }
},
{
  "model": "main.comment",
  "pk": 2,
  "fields": {
    "bb": 13,
    "author": "admin",
    "content": "Торг уместен?",
    "is_active": true,
    "created_at": "2021-06-22T14:40:01.446Z"
  }
},
{
  "model": "main.comment",
  "pk": 3,
  "fields": {
    "bb": 14,
    "author": "qwerty 123",
    "content": "Какой год выпуска?",
    "is_active": true,
    "created_at": "2021-06-28T07:20:30.874Z"
  }
},
{
  "model": "main.comment",
  "pk": 4,
  "fields": {
    "bb": 14,
    "author": "Boss",
    "content": "В рассрочку можно?",
    "is_active": true,
    "created_at": "2021-06-28T07:57:33.757Z"
  }
},
{
  "model": "main.comment",
  "pk": 5,
  "fields": {
    "bb": 13,
    "author": "Boss",
    "content": "В рассрочку можно?",
    "is_active": true,
    "created_at": "2021-06-28T08:02:38.494Z"
  }
},
{
  "model": "easy_thumbnails.source",
  "pk": 1,
  "fields": {
    "storage_hash": "f9bde26a1556cd667f742bd34ec7c55e",
    "name": "1622629635.302408.jpg",
    "modified": "2021-06-02T10:29:21.257Z"
  }
},
{
  "model": "easy_thumbnails.source",
  "pk": 2,
  "fields": {
    "storage_hash": "f9bde26a1556cd667f742bd34ec7c55e",
    "name": "1622630909.475708.jpg",
    "modified": "2021-06-02T10:48:40.988Z"
  }
},
{
  "model": "easy_thumbnails.source",
  "pk": 3,
  "fields": {
    "storage_hash": "f9bde26a1556cd667f742bd34ec7c55e",
    "name": "1622965196.348727.jpg",
    "modified": "2021-06-06T07:40:02.526Z"
  }
},
{
  "model": "easy_thumbnails.source",
  "pk": 4,
  "fields": {
    "storage_hash": "f9bde26a1556cd667f742bd34ec7c55e",
    "name": "1622967822.651725.jpg",
    "modified": "2021-06-06T08:25:09.530Z"
  }
},
{
  "model": "easy_thumbnails.source",
  "pk": 5,
  "fields": {
    "storage_hash": "f9bde26a1556cd667f742bd34ec7c55e",
    "name": "1623227747.000448.jpg",
    "modified": "2021-06-09T08:35:50.050Z"
  }
},
{
  "model": "easy_thumbnails.source",
  "pk": 6,
  "fields": {
    "storage_hash": "f9bde26a1556cd667f742bd34ec7c55e",
    "name": "1623229052.024165.jpg",
    "modified": "2021-06-09T08:57:42.135Z"
  }
},
{
  "model": "easy_thumbnails.source",
  "pk": 7,
  "fields": {
    "storage_hash": "f9bde26a1556cd667f742bd34ec7c55e",
    "name": "1623229020.554169.jpg",
    "modified": "2021-06-09T08:57:42.570Z"
  }
},
{
  "model": "easy_thumbnails.source",
  "pk": 8,
  "fields": {
    "storage_hash": "f9bde26a1556cd667f742bd34ec7c55e",
    "name": "1623678854.787813.png",
    "modified": "2021-06-14T13:54:17.264Z"
  }
},
{
  "model": "easy_thumbnails.source",
  "pk": 9,
  "fields": {
    "storage_hash": "f9bde26a1556cd667f742bd34ec7c55e",
    "name": "1623678878.717852.png",
    "modified": "2021-06-14T13:55:28.292Z"
  }
},
{
  "model": "easy_thumbnails.source",
  "pk": 10,
  "fields": {
    "storage_hash": "f9bde26a1556cd667f742bd34ec7c55e",
    "name": "1623922093.76667.jpg",
    "modified": "2021-06-17T09:28:13.998Z"
  }
},
{
  "model": "easy_thumbnails.thumbnail",
  "pk": 1,
  "fields": {
    "storage_hash": "d26becbf46ac48eda79c7a39a13a02dd",
    "name": "thumbnails\\1622629635.302408.jpg.96x96_q85_crop-scale.jpg",
    "modified": "2021-06-02T10:29:21.399Z",
    "source": 1
  }
},
{
  "model": "easy_thumbnails.thumbnail",
  "pk": 2,
  "fields": {
    "storage_hash": "d26becbf46ac48eda79c7a39a13a02dd",
    "name": "thumbnails\\1622630909.475708.jpg.96x96_q85_crop-scale.jpg",
    "modified": "2021-06-02T10:48:41.095Z",
    "source": 2
  }
},
{
  "model": "easy_thumbnails.thumbnail",
  "pk": 3,
  "fields": {
    "storage_hash": "d26becbf46ac48eda79c7a39a13a02dd",
    "name": "thumbnails\\1622965196.348727.jpg.96x96_q85_crop-scale.jpg",
    "modified": "2021-06-06T07:40:02.752Z",
    "source": 3
  }
},
{
  "model": "easy_thumbnails.thumbnail",
  "pk": 4,
  "fields": {
    "storage_hash": "d26becbf46ac48eda79c7a39a13a02dd",
    "name": "thumbnails\\1622967822.651725.jpg.96x96_q85_crop-scale.jpg",
    "modified": "2021-06-06T08:25:09.699Z",
    "source": 4
  }
},
{
  "model": "easy_thumbnails.thumbnail",
  "pk": 5,
  "fields": {
    "storage_hash": "d26becbf46ac48eda79c7a39a13a02dd",
    "name": "thumbnails\\1623227747.000448.jpg.96x96_q85_crop-scale.jpg",
    "modified": "2021-06-09T08:35:50.187Z",
    "source": 5
  }
},
{
  "model": "easy_thumbnails.thumbnail",
  "pk": 6,
  "fields": {
    "storage_hash": "d26becbf46ac48eda79c7a39a13a02dd",
    "name": "thumbnails\\1623229052.024165.jpg.96x96_q85_crop-scale.jpg",
    "modified": "2021-06-09T08:57:42.257Z",
    "source": 6
  }
},
{
  "model": "easy_thumbnails.thumbnail",
  "pk": 7,
  "fields": {
    "storage_hash": "d26becbf46ac48eda79c7a39a13a02dd",
    "name": "thumbnails\\1623229020.554169.jpg.96x96_q85_crop-scale.jpg",
    "modified": "2021-06-09T08:57:42.824Z",
    "source": 7
  }
},
{
  "model": "easy_thumbnails.thumbnail",
  "pk": 8,
  "fields": {
    "storage_hash": "d26becbf46ac48eda79c7a39a13a02dd",
    "name": "thumbnails\\1623678854.787813.png.96x96_q85_crop-scale.png",
    "modified": "2021-06-14T13:54:17.405Z",
    "source": 8
  }
},
{
  "model": "easy_thumbnails.thumbnail",
  "pk": 9,
  "fields": {
    "storage_hash": "d26becbf46ac48eda79c7a39a13a02dd",
    "name": "thumbnails\\1623678878.717852.png.96x96_q85_crop-scale.png",
    "modified": "2021-06-14T13:55:28.465Z",
    "source": 9
  }
},
{
  "model": "easy_thumbnails.thumbnail",
  "pk": 10,
  "fields": {
    "storage_hash": "d26becbf46ac48eda79c7a39a13a02dd",
    "name": "thumbnails\\1623922093.76667.jpg.96x96_q85_crop-scale.png",
    "modified": "2021-06-17T09:28:14.208Z",
    "source": 10
  }
},
{
  "model": "captcha.captchastore",
  "pk": 2,
  "fields": {
    "challenge": "BMBN",
    "response": "bmbn",
    "hashkey": "fde8b02a23699e5d1ccc143533eb3eeb7664ce17",
    "expiration": "2021-06-28T07:25:31.043Z"
  }
},
{
  "model": "captcha.captchastore",
  "pk": 3,
  "fields": {
    "challenge": "SRDK",
    "response": "srdk",
    "hashkey": "0775f4e4eb1bcae8397dd755ddce8f1c18f2fb0c",
    "expiration": "2021-06-28T07:25:38.632Z"
  }
}
]
